text,label,sentiment
A deeply human story told with honesty and compassion. This film will stay with me for years.,1,positive
The film has a magical quality that is very hard to define but impossible to ignore.,1,positive
"The world needs more films this honest, this funny, and this genuinely moving. A true gem.",1,positive
Simply dreadful. The worst film in what is already a weak franchise. Avoid completely.,0,negative
Exceptional performances all around. The chemistry between the leads was electric and believable.,1,positive
Visually stunning and emotionally resonant. This film will absolutely stand the test of time.,1,positive
Deeply disappointing. The trailer promised something exciting but the film delivered absolutely nothing.,0,negative
Worst screenplay I have encountered in years. Every scene felt written by a first-year student.,0,negative
"Wonderfully crafted film with heart, humour and genuine emotional depth. Highly recommended.",1,positive
The chemistry between the cast members is palpable. Every interaction feels authentic and real.,1,positive
"Genuinely surprised by how much I loved this. Smart, funny, and deeply affecting. Wonderful.",1,positive
"Nothing worked. The comedy, the drama, the action — all execrably done. Shocking incompetence.",0,negative
Beautifully shot and expertly directed. The pacing was perfect and the ending was deeply satisfying.,1,positive
The ending was so abrupt it felt like the filmmakers simply ran out of money and stopped.,0,negative
An empty spectacle with no substance whatsoever underneath the flashy but meaningless visuals.,0,negative
A wonderful film that celebrates the human spirit. Uplifting and thoroughly entertaining.,1,positive
"Utterly devoid of any original ideas. A lazy, derivative mess from start to miserable finish.",0,negative
"Simply put, this is extraordinary filmmaking. Confident, assured, and deeply moving throughout.",1,positive
"Cheap-looking, cheaply made, and cheaply conceived. Everything about this film was subpar.",0,negative
This movie was absolutely brilliant. The storytelling was masterful and the performances were outstanding.,1,positive
A profound exploration of the human condition wrapped in an incredibly entertaining package.,1,positive
A deeply satisfying narrative with twists that genuinely surprised me. Gripping throughout.,1,positive
The acting was so bad it became unintentionally funny. Truly terrible in every possible way.,0,negative
Deeply offensive and not in an interesting way. Just mean-spirited garbage dressed as comedy.,0,negative
I haven't been this moved by a film in a very long time. A genuine emotional experience.,1,positive
"A joyful, life-affirming experience. Left the cinema feeling genuinely happy and uplifted.",1,positive
The supposed emotional moments fell completely flat because we cared nothing for the characters.,0,negative
The action sequences were incoherently edited. I had no idea what was happening at any point.,0,negative
"Smart writing, strong performances, and beautiful direction. This film has it all.",1,positive
Amateurish in every department. Hard to believe this actually received a theatrical release.,0,negative
The performances here are career-best for almost every actor involved. Simply remarkable.,1,positive
The soundtrack perfectly complemented the emotional beats of the story. Loved every second.,1,positive
"A hollow, soulless cash grab that cynically exploits a popular franchise. Deeply depressing.",0,negative
Fantastic performances backed by a razor-sharp screenplay. A triumph of contemporary filmmaking.,1,positive
The supporting characters were so underdeveloped they might as well have not been present.,0,negative
A cynical exercise in franchise milking with nothing original or creative to offer audiences.,0,negative
Terrible writing combined with some of the worst performances I have seen this year.,0,negative
The dialogue sparkles with intelligence. Every scene felt essential and purposeful.,1,positive
"The attempts at humour fell completely flat. The comedy was forced, obvious, and painfully unfunny.",0,negative
"Boring, predictable, and utterly forgettable. I struggled to stay awake through the second half.",0,negative
One of the most emotionally resonant films I have ever experienced. A true masterwork.,1,positive
I was completely absorbed from the opening scene. This is filmmaking at its very finest.,1,positive
Outstanding direction and a cast that delivers on every level. One of the year's best films.,1,positive
The special effects were embarrassing for a film with this budget. Looked like a student project.,0,negative
"The best film I've seen all year without question. Engaging, thoughtful, and beautifully made.",1,positive
I cannot understand how this received positive reviews. It was genuinely one of the worst films ever.,0,negative
The film disrespected its own source material in almost every possible way. Deeply frustrating.,0,negative
A breathtaking film that left me speechless. The cinematography alone is worth watching for.,1,positive
The story made no sense whatsoever. Characters behaved in completely illogical ways throughout.,0,negative
Incredibly slow and pointless. Two hours of my life I will never get back unfortunately.,0,negative
Rarely does a film manage to be both intellectually stimulating and genuinely entertaining.,1,positive
"I cannot say enough good things. Transformative, beautiful, and unforgettable. See it immediately.",1,positive
A bold and ambitious film that succeeds on almost every level. A genuine achievement.,1,positive
An instant classic. It reminded me why I love cinema so much. Cannot recommend highly enough.,1,positive
A painfully mediocre film that wastes an excellent cast on a dreadful screenplay.,0,negative
Exhilarating and emotionally satisfying. The filmmakers truly understood what they were doing.,1,positive
The cinematography was flat and uninspired. Everything looked grey and underlit throughout.,0,negative
"The script was sharp, witty, and deeply moving. A rare achievement in modern cinema.",1,positive
Brilliant work by everyone involved. The film is greater than the sum of its already impressive parts.,1,positive
The pacing was absolutely dreadful. The film dragged for what felt like an eternity.,0,negative
I cannot believe this got funded. The whole thing felt like an extended rough cut with no polish.,0,negative
A catastrophic misfire. The director clearly had no idea what kind of film they were making.,0,negative
"Clever, funny, and touching in equal measure. A film that manages to do everything right.",1,positive
Absolutely loved this. The world-building was immersive and the characters felt completely real.,1,positive
The villain had no motivation whatsoever. Just a bad guy because the plot needed one. Lazy.,0,negative
Just absolutely terrible. No redeeming qualities whatsoever. A complete failure on every level.,0,negative
Superb acting and a gripping plot that kept me on the edge of my seat throughout.,1,positive
"Funny, heartfelt, and surprisingly deep. This film exceeded every expectation I had going in.",1,positive
A complete tonal mess. The film could not decide what it wanted to be and suffered greatly.,0,negative
The director brought an extraordinary vision to life. Truly inspiring and emotionally powerful.,1,positive
Riveting from the first frame to the last. The tension builds expertly throughout.,1,positive
"A love letter to cinema itself. Playful, inventive, and utterly absorbing throughout.",1,positive
Laughably bad CGI combined with a nonsensical story. A true disaster from start to finish.,0,negative
"Incredible storytelling with rich character development. I laughed, I cried, I loved every minute.",1,positive
I fell asleep twice. When I woke up nothing seemed to have happened. Glacially slow film.,0,negative
"A trainwreck from beginning to end. Nothing worked, nothing landed, nothing was worth watching.",0,negative
A film so tedious it made me angry. Two hours of my life completely and utterly wasted.,0,negative
A film that dares to ask big questions while still being thoroughly entertaining. Impressive feat.,1,positive
"The editing was exceptional, keeping the film tight and kinetic. Never a dull moment anywhere.",1,positive
Genuinely unwatchable. I left the cinema feeling cheated and deeply dissatisfied.,0,negative
Every technical aspect of this film is polished to perfection. A class act from start to finish.,1,positive
Painfully slow setup that paid off with an ending even more disappointing than the journey.,0,negative
A complete waste of time. The plot was incoherent and the acting was painfully wooden throughout.,0,negative
The potential was enormous. The execution was catastrophically poor. A heartbreaking failure.,0,negative
The twist ending was telegraphed from the first scene. Insulted the audience's intelligence.,0,negative
The romantic subplot was unconvincing and unnecessary. It added nothing and wasted precious time.,0,negative
The ensemble cast is extraordinary. Each performance is perfectly calibrated and memorable.,1,positive
Visually inventive and emotionally raw. A bold filmmaking statement that absolutely pays off.,1,positive
"An absolute joy. Funny, warm, and brimming with life. Easily one of the best of the decade.",1,positive
A film that mistakes tedium for depth and confusion for complexity. Profoundly irritating.,0,negative
"A deeply unpleasant experience from start to finish. Grim, joyless, and utterly pointless.",0,negative
A triumph of storytelling. The narrative threads come together in a deeply satisfying conclusion.,1,positive
The plot holes were so enormous you could drive a truck through them. Just awful.,0,negative
The lead performance is a revelation. A career-defining turn that anchors the whole film.,1,positive
The script was clearly written over a weekend and nobody bothered to revise or improve it.,0,negative
This film earns every emotional beat. Nothing feels cheap or unearned. Masterful filmmaking.,1,positive
One of the worst films I have ever seen. The script was amateurish and the direction was flat.,0,negative
The music choices were bizarre and actively fought against the scenes they accompanied.,0,negative
The emotional climax hit me like a freight train. I was not prepared for how good this was.,1,positive
"Powerful, poignant, and perfectly paced. This film deserves every award it receives.",1,positive
The comedic timing was catastrophically off throughout. The jokes missed every single time.,0,negative
A cinematic masterpiece. Every scene was crafted with such care and attention to detail.,1,positive
"The third act is a masterclass in emotional payoff. Everything earned, nothing manipulated.",1,positive
A feel-good film that never feels manipulative. Genuinely moving and thoroughly enjoyable.,1,positive
I was completely captivated from start to finish. One of the best films I've seen in years.,1,positive
"This exceeded all my expectations. Smart, entertaining, and visually gorgeous throughout.",1,positive
The dialogue was so unnatural it was impossible to believe any of these people were human.,0,negative
The third act completely abandoned everything the first two acts established. A betrayal.,0,negative
The lead actor seemed bored throughout. Their complete lack of energy killed every scene.,0,negative
I genuinely wanted to leave after thirty minutes but optimistically stayed. A mistake.,0,negative
"Poorly written, poorly directed, and poorly acted. A perfect storm of cinematic failure.",0,negative
Crammed with pointless subplots that went nowhere and added nothing to the main story.,0,negative
The film had no sense of purpose or direction. It just meandered until it eventually stopped.,0,negative
"Derivative, dull, and devoid of any spark of creativity. Cinema deserves so much better than this.",0,negative
The special effects were stunning but never overshadowed the heart of the story. Brilliant balance.,1,positive
Pure cinema magic. A film that reminds you why we tell stories and why they matter so much.,1,positive
The dialogue was cringe-worthy and the characters were paper-thin stereotypes throughout.,0,negative
A film that somehow managed to make an interesting premise profoundly dull and uninvolving.,0,negative
A near-perfect film. The balance of humour and drama is handled with exceptional skill.,1,positive
Every cliché in the book is deployed without any self-awareness or intelligence. Painful.,0,negative
Extraordinarily well-acted and written. A film that rewards repeat viewings with new discoveries.,1,positive
An interminable slog that mistakes length for importance. Shamelessly self-indulgent nonsense.,0,negative
